maze_num,smaller_exec_time,larger_exec_time
0,28.573153,36.373064
1,28.532764,27.50367
2,4.340111,1.436804
3,0.000156,0.000198
4,3.394529,0.537063
